"RS";"district";"state";"avStores";"SSlogis_asymptote";"SSlogis_Std.Error";"SSlogis_ResErrorRel";"SSlogis_SlopeDev";"SSfpl_asymptote";"SSfpl_Std.Error";"SSfpl_ResErrorRel";"SSfpl_SlopeDev";"SSasymp_asymptote";"SSasymp_Std.Error";"SSasymp_ResErrorRel";"SSasymp_SlopeDev";"SSmicmen_asymptote";"SSmicmen_Std.Error";"SSmicmen_ResErrorRel";"SSmicmen_SlopeDev"
"081110000000";"Stuttgart";"Baden-Württemberg";2844;3188;53;0.04;-6;4134;359;0.03;50;9314;1306;0.03;77;13117;1032;0.03;70
"081150000000";"Böblingen";"Baden-Württemberg";1548;2377;240;0.07;65;NA;NA;NA;NA;NA;NA;NA;NA;4166;446;0.08;31
"081160000000";"Esslingen";"Baden-Württemberg";2225;2496;80;0.06;-11;NA;NA;NA;NA;3417;211;0.04;9;4103;146;0.05;-5
"081170000000";"Göppingen";"Baden-Württemberg";811;783;9;0.06;-22;NA;NA;NA;NA;876;10;0.03;-10;1221;16;0.03;-3
"081180000000";"Ludwigsburg";"Baden-Württemberg";1911;2260;90;0.06;21;NA;NA;NA;NA;4079;524;0.05;42;4939;317;0.05;30
"081190000000";"Rems-Murr-Kreis";"Baden-Württemberg";1259;1268;22;0.05;-60;NA;NA;NA;NA;1526;39;0.03;-42;1941;39;0.03;-43
"081210000000";"Heilbronn";"Baden-Württemberg";627;598;2;0.03;-19;NA;NA;NA;NA;626;6;0.07;-18;813;23;0.1;-8
"081250000000";"Heilbronn";"Baden-Württemberg";1065;1003;7;0.05;-23;NA;NA;NA;NA;1102;10;0.04;-11;1599;45;0.07;7
"081260000000";"Hohenlohekreis";"Baden-Württemberg";264;332;17;0.07;0;NA;NA;NA;NA;1400;746;0.06;4;NA;NA;NA;NA
"081270000000";"Schwäbisch Hall";"Baden-Württemberg";530;542;15;0.08;-17;NA;NA;NA;NA;634;24;0.06;-12;867;29;0.05;-11
"081280000000";"Main-Tauber-Kreis";"Baden-Württemberg";499;498;3;0.05;5;506;2;0.03;5;518;3;0.04;7;662;12;0.07;14
"081350000000";"Heidenheim";"Baden-Württemberg";434;422;5;0.06;-11;NA;NA;NA;NA;480;7;0.04;-4;NA;NA;NA;NA
"081360000000";"Ostalbkreis";"Baden-Württemberg";1119;1267;62;0.08;-9;NA;NA;NA;NA;1512;117;0.07;-7;1702;71;0.07;-16
"082110000000";"Baden-Baden";"Baden-Württemberg";198;217;3;0.05;-3;210;3;0.05;-4;312;22;0.06;2;400;20;0.07;2
"082120000000";"Karlsruhe";"Baden-Württemberg";1607;1952;50;0.04;17;NA;NA;NA;NA;6971;1588;0.03;45;4584;267;0.04;24
"082150000000";"Karlsruhe";"Baden-Württemberg";1600;1627;24;0.05;-30;NA;NA;NA;NA;1996;40;0.03;-5;2585;43;0.03;-6
"082160000000";"Rastatt";"Baden-Württemberg";657;769;21;0.05;1;NA;NA;NA;NA;1326;132;0.04;10;1252;51;0.05;1
"082210000000";"Heidelberg";"Baden-Württemberg";1003;1339;42;0.04;45;1723;228;0.04;58;NA;NA;NA;NA;NA;NA;NA;NA
"082220000000";"Mannheim";"Baden-Württemberg";2643;2647;10;0.02;14;2643;11;0.02;13;4336;362;0.1;158;15284;4604;0.12;208
"082250000000";"Neckar-Odenwald-Kreis";"Baden-Württemberg";256;258;1;0.04;-2;257;1;0.04;-2;279;5;0.09;1;395;17;0.11;5
"082260000000";"Rhein-Neckar-Kreis";"Baden-Württemberg";2377;2726;31;0.03;25;2831;60;0.02;37;29340;21118;0.03;112;27904;6437;0.03;106
"082310000000";"Pforzheim";"Baden-Württemberg";434;377;3;0.07;-26;NA;NA;NA;NA;387;3;0.08;-26;444;8;0.09;-23
"082350000000";"Calw";"Baden-Württemberg";457;423;4;0.06;-17;NA;NA;NA;NA;470;6;0.04;-11;648;12;0.04;-6
"082360000000";"Enzkreis";"Baden-Württemberg";570;502;5;0.08;-10;NA;NA;NA;NA;529;6;0.07;-9;641;10;0.06;-3
"082370000000";"Freudenstadt";"Baden-Württemberg";349;372;8;0.06;1;NA;NA;NA;NA;474;17;0.04;6;613;16;0.04;5
"083110000000";"Freiburg im Breisgau";"Baden-Württemberg";1479;1682;31;0.05;36;1773;66;0.05;47;6167;1765;0.05;89;13028;3207;0.05;91
"083150000000";"Breisgau-Hochschwarzwald";"Baden-Württemberg";1067;1146;18;0.05;-10;1446;151;0.04;11;1690;84;0.04;15;2624;115;0.04;17
"083160000000";"Emmendingen";"Baden-Württemberg";814;844;6;0.03;-9;860;8;0.03;-5;1455;92;0.05;25;3424;360;0.05;33
"083170000000";"Ortenaukreis";"Baden-Württemberg";1408;2542;361;0.07;58;NA;NA;NA;NA;NA;NA;NA;NA;6779;1422;0.07;21
"083250000000";"Rottweil";"Baden-Württemberg";484;435;6;0.07;-31;NA;NA;NA;NA;603;26;0.06;-15;NA;NA;NA;NA
"083260000000";"Schwarzwald-Baar-Kreis";"Baden-Württemberg";841;791;13;0.09;-12;NA;NA;NA;NA;857;15;0.06;-3;1177;29;0.06;6
"083270000000";"Tuttlingen";"Baden-Württemberg";390;432;12;0.09;15;402;7;0.09;6;3303;4093;0.11;37;NA;NA;NA;NA
"083350000000";"Konstanz";"Baden-Württemberg";499;4011;1076;0.14;95;NA;NA;NA;NA;NA;NA;NA;NA;4664;528;0.17;41
"083360000000";"Lörrach";"Baden-Württemberg";678;841;42;0.06;-12;NA;NA;NA;NA;2188;532;0.05;-6;2475;250;0.05;-10
"083370000000";"Waldshut";"Baden-Württemberg";721;789;13;0.05;11;838;26;0.05;18;2358;472;0.05;42;18249;15507;0.06;48
"084150000000";"Reutlingen";"Baden-Württemberg";1162;1252;30;0.06;0;NA;NA;NA;NA;1956;112;0.04;24;3311;177;0.04;27
"084160000000";"Tübingen";"Baden-Württemberg";1002;1089;14;0.03;-5;1518;152;0.02;16;1900;80;0.02;19;2574;77;0.03;16
"084170000000";"Zollernalbkreis";"Baden-Württemberg";380;347;3;0.06;-12;NA;NA;NA;NA;358;3;0.05;-12;428;5;0.05;-8
"084210000000";"Ulm";"Baden-Württemberg";809;828;5;0.03;0;855;7;0.02;6;1445;86;0.05;37;4354;675;0.06;47
"084250000000";"Alb-Donau-Kreis";"Baden-Württemberg";543;585;14;0.06;3;NA;NA;NA;NA;718;29;0.04;8;822;21;0.05;5
"084260000000";"Biberach";"Baden-Württemberg";468;470;10;0.08;-5;NA;NA;NA;NA;508;12;0.06;-1;650;14;0.05;0
"084350000000";"Bodenseekreis";"Baden-Württemberg";1092;1622;102;0.05;29;NA;NA;NA;NA;NA;NA;NA;NA;696134;17120684;0.06;30
"084360000000";"Ravensburg";"Baden-Württemberg";1049;1122;39;0.07;-55;NA;NA;NA;NA;2149;273;0.05;-34;3357;304;0.05;-35
"084370000000";"Sigmaringen";"Baden-Württemberg";541;581;7;0.03;11;630;14;0.03;17;1371;135;0.04;31;3325;411;0.04;34
"145110000000";"Chemnitz";"Sachsen";1087;1154;14;0.04;-10;1305;44;0.03;8;2144;137;0.03;26;3915;241;0.03;29
"145210000000";"Erzgebirgskreis";"Sachsen";1524;1511;24;0.06;-55;NA;NA;NA;NA;1877;38;0.03;-23;3110;90;0.03;-10
"145220000000";"Mittelsachsen";"Sachsen";1678;1659;13;0.04;-14;1798;19;0.02;8;1951;19;0.02;22;3117;73;0.04;43
"145230000000";"Vogtlandkreis";"Sachsen";812;791;9;0.05;-80;908;28;0.04;-62;1269;58;0.04;-48;2950;258;0.04;-39
"145240000000";"Zwickau";"Sachsen";1597;1979;57;0.04;5;NA;NA;NA;NA;NA;NA;NA;NA;27195;8083;0.03;33
"146120000000";"Dresden";"Sachsen";3014;3033;18;0.03;-44;3218;20;0.01;-11;3869;56;0.02;37;6533;173;0.03;66
"146250000000";"Bautzen";"Sachsen";1011;1156;35;0.05;-79;NA;NA;NA;NA;1941;159;0.03;-66;2167;86;0.04;-74
"146260000000";"Görlitz";"Sachsen";1026;996;10;0.05;-54;NA;NA;NA;NA;1193;15;0.02;-32;1793;30;0.03;-24
"146270000000";"Meißen";"Sachsen";1470;1828;41;0.03;29;4082;2025;0.03;63;NA;NA;NA;NA;42751;21916;0.03;59
"146280000000";"Sächsische Schweiz-Osterzgebirge";"Sachsen";1316;1355;8;0.02;-5;1417;11;0.02;7;2460;131;0.04;50;6394;664;0.04;63
"147130000000";"Leipzig";"Sachsen";2537;2484;23;0.04;-130;2894;69;0.02;-78;3197;49;0.02;-64;5260;122;0.03;-42
"147290000000";"Leipzig";"Sachsen";796;743;10;0.07;-105;NA;NA;NA;NA;838;16;0.05;-93;1200;32;0.05;-84
"147300000000";"Nordsachsen";"Sachsen";620;715;21;0.05;-20;NA;NA;NA;NA;1466;147;0.03;-10;1618;74;0.03;-15
